{
	"__comment": "Crafted by Agentdid127. :D",
	"textures": {
		"particle": "blocks/wool_colored_black",
		"texture": "download-11"
	},
	"elements": [ 	 
		{
			"__comment": "Box1",
			"from": [ 4, -12, 6 ],
			"to": [ 8, 0, 10 ],
			"faces": {
				"down": { "uv": [ 6, 12, 7, 13 ], "texture": "#texture" },
				"up": { "uv": [ 5, 12, 6, 13 ], "texture": "#texture" },
				"north": { "uv": [ 7, 13, 8, 16 ], "texture": "#texture" },
				"south": { "uv": [ 5, 13, 6, 16 ], "texture": "#texture" },
				"west": { "uv": [ 4, 13, 5, 16 ], "texture": "#texture" },
				"east": { "uv": [ 6, 13, 7, 16 ], "texture": "#texture" }
			}
		},
		{
			"__comment": "Box1",
			"from": [ 4, 0, 6 ],
			"to": [ 12, 12, 10 ],
			"faces": {
				"down": { "uv": [ 7, 4, 9, 5 ], "texture": "#texture" },
				"up": { "uv": [ 5, 4, 7, 5 ], "texture": "#texture" },
				"north": { "uv": [ 8, 5, 10, 8 ], "texture": "#texture" },
				"south": { "uv": [ 5, 5, 7, 8 ], "texture": "#texture" },
				"west": { "uv": [ 4, 5, 5, 8 ], "texture": "#texture" },
				"east": { "uv": [ 7, 5, 8, 8 ], "texture": "#texture" }
			}
		},
		{
			"__comment": "Box1",
			"from": [ 1, 0, 6 ],
			"to": [ 4, 12, 10 ],
			"faces": {
				"down": { "uv": [ 12, 4, 12.5, 5 ], "texture": "#texture" },
				"up": { "uv": [ 11, 4, 11.5, 5 ], "texture": "#texture" },
				"north": { "uv": [ 13, 5, 13.5, 8 ], "texture": "#texture" },
				"south": { "uv": [ 11, 5, 11.5, 8 ], "texture": "#texture" },
				"west": { "uv": [ 10, 5, 11, 8 ], "texture": "#texture" },
				"east": { "uv": [ 11.5, 5, 12.5, 8 ], "texture": "#texture" }
			}
		},
		{
			"__comment": "Box1",
			"from": [ 4, 12, 4 ],
			"to": [ 12, 20, 12 ],
			"faces": {
				"down": { "uv": [ 4, 0, 6, 2 ], "texture": "#texture" },
				"up": { "uv": [ 2, 0, 4, 2 ], "texture": "#texture" },
				"north": { "uv": [ 6, 2, 8, 4 ], "texture": "#texture" },
				"south": { "uv": [ 2, 2, 4, 4 ], "texture": "#texture" },
				"west": { "uv": [ 0, 2, 2, 4 ], "texture": "#texture" },
				"east": { "uv": [ 4, 2, 6, 4 ], "texture": "#texture" }
			}
		},
		{
			"__comment": "Box1",
			"from": [ 8, -12, 6 ],
			"to": [ 12, 0, 10 ],
			"faces": {
				"down": { "uv": [ 2, 4, 3, 5 ], "texture": "#texture" },
				"up": { "uv": [ 1, 4, 2, 5 ], "texture": "#texture" },
				"north": { "uv": [ 3, 5, 4, 8 ], "texture": "#texture" },
				"south": { "uv": [ 1, 5, 2, 8 ], "texture": "#texture" },
				"west": { "uv": [ 0, 5, 1, 8 ], "texture": "#texture" },
				"east": { "uv": [ 2, 5, 3, 8 ], "texture": "#texture" }
			}
		},
		{
			"__comment": "Box1",
			"from": [ 12, 0, 6 ],
			"to": [ 15, 12, 10 ],
			"faces": {
				"down": { "uv": [ 10, 12, 10.5, 13 ], "texture": "#texture" },
				"up": { "uv": [ 9.000001, 12, 9.500001, 13 ], "texture": "#texture" },
				"north": { "uv": [ 11, 13, 11.5, 16 ], "texture": "#texture" },
				"south": { "uv": [ 8.999999, 13, 9.499999, 16 ], "texture": "#texture" },
				"west": { "uv": [ 7.999999, 13, 8.999999, 16 ], "texture": "#texture" },
				"east": { "uv": [ 9.999999, 13, 10.5, 16 ], "texture": "#texture" }
			}
		}
	],
	"display": {
		"thirdperson_righthand": {
			"rotation":  [ 45, -19, 0 ],
			"translation":  [ 0, 3.4782, 4.1739 ],
			"scale":  [ 0.25, 0.25, 0.25 ]
		},
		"thirdperson_lefthand": {
			"rotation":  [ 45, -19, 0 ],
			"translation":  [ 0, 3.4782, 4.1739 ],
			"scale":  [ 0.25, 0.25, 0.25 ]
		},
		"firstperson_righthand": {
			"rotation":  [ 8, -54, 25 ],
			"translation":  [ 1.13, 4.5913, 1.13 ],
			"scale":  [ 0.4, 0.4, 0.4 ]
		},
		"firstperson_lefthand": {
			"rotation":  [ 8, -54, 25 ],
			"translation":  [ 1.13, 4.5913, 1.13 ],
			"scale":  [ 0.4, 0.4, 0.4 ]
		},
		"gui": {
			"rotation":  [ 16, 30, 0 ],
			"translation":  [ 0, 1.3913, 0 ],
			"scale":  [ 0.5, 0.5, 0.5 ]
		},
		"head": {
			"rotation":  [ 0, 180, 0 ],
			"translation":  [ 0, -13, 0 ],
			"scale":  [ 1.7, 1.7, 1.7 ]
		},
		"ground": {
			"rotation":  [ -17, 0, 0 ],
			"translation":  [ 0, 4.1739, 0 ],
			"scale":  [ 0.25, 0.25, 0.25 ]
		},
		"fixed": {
			"rotation":  [ 0, 180, 0 ],
			"translation":  [ 0, 2, 0 ],
			"scale":  [ 0.5, 0.5, 0.5 ]
		}
	}
}